age,dose_number,days_late,previous_missed,total_doses,missed
13,1,22,1,2,1
5,1,16,1,2,1
4,1,0,0,2,0
14,1,2,0,3,0
15,2,1,0,2,0
15,1,0,0,3,0
16,2,29,2,3,1
4,1,5,0,3,0
12,1,1,0,2,0
4,1,3,0,2,0
5,2,2,0,3,0
12,1,3,0,2,0
13,2,16,1,2,1
16,2,0,0,2,0
12,1,27,2,3,1
10,2,5,0,2,0
14,2,1,1,3,0
4,1,1,1,2,0
12,2,3,0,2,0
11,1,32,1,2,1
15,1,1,1,3,0
3,1,0,0,3,0
16,1,1,0,2,0
12,2,2,0,3,0
6,1,17,1,2,1
14,1,32,1,3,1
5,1,4,1,3,0
6,2,5,0,2,0
10,1,0,0,3,0
3,1,5,0,2,0
6,1,17,2,2,1
6,2,1,1,3,0
6,2,0,1,3,0
8,2,5,0,3,0
13,1,2,0,2,0
6,1,1,1,2,0
5,2,0,1,3,0
15,1,32,1,2,1
4,1,3,0,2,0
16,1,0,1,3,0
7,2,5,1,3,0
5,2,0,0,2,0
14,1,3,0,3,0
3,1,0,0,2,0
9,1,0,0,2,0
9,2,5,0,3,0
6,2,5,0,3,0
10,1,4,0,3,0
4,2,2,0,2,0
6,2,4,0,3,0
12,2,18,1,2,1
7,1,19,1,2,1
7,2,5,0,2,0
11,2,16,1,3,1
13,2,2,0,3,0
13,1,32,2,3,1
9,1,5,0,2,0
11,2,19,1,2,1
5,2,0,0,2,0
6,1,4,1,2,0
12,1,20,1,2,1
3,2,28,2,2,1
16,2,5,0,2,0
9,2,3,0,2,0
7,1,1,1,2,0
8,1,23,1,3,1
13,2,18,1,3,1
5,1,3,0,3,0
14,2,31,1,3,1
9,2,3,0,2,0
11,2,5,0,2,0
12,1,24,2,3,1
7,2,2,0,3,0
6,2,20,2,3,1
12,2,0,0,3,0
7,2,34,2,2,1
8,2,1,1,3,0
15,1,5,0,2,0
4,2,1,0,2,0
3,1,34,1,2,1
10,1,27,1,3,1
9,1,15,1,2,1
15,1,5,1,3,0
3,1,3,0,2,0
15,2,32,1,3,1
5,2,1,0,3,0
15,1,0,0,3,0
6,2,4,0,3,0
5,1,1,0,2,0
4,2,3,1,3,0
3,2,4,0,2,0
16,2,2,0,3,0
15,2,5,0,3,0
10,2,0,1,2,0
8,1,19,2,3,1
11,2,15,1,2,1
13,1,20,1,3,1
7,2,2,0,3,0
15,2,28,1,3,1
16,2,4,0,2,0
8,1,35,1,2,1
15,1,0,0,2,0
6,2,33,1,2,1
10,2,4,0,3,0
15,2,0,0,2,0
12,2,21,1,3,1
12,1,24,2,2,1
12,1,3,0,2,0
4,1,30,1,3,1
9,2,28,1,3,1
14,2,5,0,3,0
8,1,3,0,2,0
15,2,3,0,3,0
5,1,2,0,3,0
7,1,1,0,3,0
6,2,1,1,3,0
13,2,17,1,3,1
6,1,4,0,3,0
10,2,32,1,3,1
8,2,1,0,3,0
14,2,4,0,2,0
6,2,4,0,2,0
4,2,1,0,2,0
3,2,0,0,2,0
14,2,0,0,2,0
10,2,0,0,3,0
16,1,27,1,3,1
4,1,4,0,2,0
4,1,3,0,2,0
15,2,24,2,3,1
9,1,18,1,3,1
13,2,20,1,2,1
5,1,3,1,2,0
7,1,2,1,2,0
4,2,35,2,2,1
13,2,1,0,2,0
7,1,2,0,2,0
10,2,27,1,2,1
11,2,0,1,3,0
14,2,1,0,3,0
15,1,20,1,3,1
11,2,4,1,3,0
13,1,3,0,3,0
8,1,5,1,2,0
7,1,2,0,3,0
8,2,15,2,2,1
16,2,4,0,3,0
12,2,21,1,3,1
11,2,5,1,2,0
4,1,24,2,2,1
3,1,0,1,3,0
4,2,24,2,2,1
14,2,30,1,3,1
10,2,4,0,2,0
16,2,28,1,2,1
15,1,2,1,3,0
16,2,2,0,2,0
11,2,21,2,3,1
6,1,28,1,3,1
8,2,5,0,3,0
10,1,4,0,2,0
16,2,3,0,2,0
14,2,19,1,2,1
10,2,27,2,3,1
4,2,35,2,3,1
15,1,22,2,3,1
13,1,28,1,3,1
15,2,2,0,2,0
3,1,2,1,3,0
5,2,1,0,2,0
5,2,22,1,2,1
12,1,2,1,2,0
7,2,32,1,2,1
4,2,24,2,3,1
9,2,21,1,3,1
16,1,4,0,3,0
12,2,5,1,3,0
7,1,30,1,2,1
15,2,1,0,2,0
13,1,35,1,2,1
7,1,5,0,3,0
4,2,20,1,3,1
5,2,23,1,3,1
15,2,29,1,3,1
5,2,32,1,2,1
4,1,0,1,3,0
8,2,26,1,3,1
13,2,4,0,2,0
12,1,29,2,2,1
7,1,0,0,3,0
10,1,4,0,2,0
9,2,32,1,3,1
12,2,30,2,2,1
9,1,21,1,3,1
10,2,5,0,2,0
11,1,1,0,3,0
16,1,35,2,3,1
12,1,22,1,2,1
15,1,32,1,2,1
12,1,1,0,2,0
7,1,1,0,2,0
13,1,1,0,2,0
3,2,5,1,2,0
11,1,2,0,2,0
10,1,31,1,2,1
10,1,27,1,2,1
13,2,29,1,2,1
4,1,2,0,3,0
9,2,3,0,3,0
15,1,1,1,2,0
8,2,0,0,3,0
9,2,1,1,3,0
4,1,0,0,2,0
15,1,32,2,2,1
8,2,5,1,2,0
16,2,26,1,2,1
12,1,22,1,2,1
8,1,33,1,3,1
15,1,23,1,3,1
5,2,26,1,3,1
5,2,5,0,2,0
4,2,2,0,2,0
8,2,33,2,3,1
4,1,4,0,2,0
13,2,3,1,2,0
12,2,4,0,3,0
8,1,5,1,3,0
11,1,4,0,3,0
3,2,19,1,2,1
7,1,5,1,3,0
5,2,1,0,2,0
4,1,3,0,3,0
16,2,5,1,3,0
7,2,2,0,2,0
15,2,0,0,3,0
9,1,2,0,3,0
6,1,5,0,3,0
11,2,5,0,2,0
6,1,1,0,2,0
15,1,35,1,2,1
10,2,35,1,3,1
5,1,5,0,3,0
15,1,0,0,3,0
10,1,2,0,3,0
13,2,4,0,2,0
10,2,31,1,2,1
3,1,25,2,3,1
4,1,3,1,2,0
11,2,2,1,2,0
9,1,35,1,3,1
4,1,3,0,3,0
7,2,5,0,2,0
8,2,5,0,3,0
7,2,31,1,3,1
13,2,2,0,3,0
6,2,1,0,3,0
4,1,4,0,3,0
13,1,19,1,3,1
5,2,2,0,2,0
10,2,1,0,3,0
15,1,4,1,3,0
10,2,3,0,3,0
16,1,16,2,2,1
10,1,31,1,3,1
7,1,4,0,2,0
16,1,22,1,3,1
8,2,4,0,2,0
6,1,0,0,3,0
4,1,2,1,3,0
14,2,0,0,2,0
3,1,32,2,3,1
12,1,22,1,3,1
4,1,4,1,2,0
4,2,15,2,2,1
11,1,0,0,2,0
6,1,17,2,3,1
8,1,3,0,2,0
13,2,0,0,3,0
15,2,5,0,2,0
15,1,4,0,3,0
16,2,30,2,2,1
5,1,29,1,2,1
7,1,16,1,2,1
7,2,5,0,3,0
7,1,25,1,3,1
4,2,29,1,3,1
8,2,26,2,2,1
7,2,4,0,2,0
11,2,2,0,3,0
7,2,3,0,3,0
10,2,28,1,2,1
13,1,27,1,2,1
11,1,4,1,2,0
3,1,5,0,2,0
8,1,29,1,3,1
8,1,4,0,3,0
9,2,0,0,3,0
14,2,4,0,2,0
7,2,4,0,3,0
14,1,0,1,3,0
5,1,25,2,3,1
8,2,20,2,2,1
14,2,0,0,2,0
15,1,15,1,2,1
11,2,32,1,3,1
12,1,5,1,2,0
11,2,17,1,3,1
8,2,4,0,2,0
5,1,0,0,2,0
11,2,2,0,2,0
8,1,5,0,3,0
5,1,1,0,3,0
5,1,15,1,3,1
3,1,28,2,3,1
13,2,32,1,2,1
13,2,5,1,3,0
7,1,20,1,3,1
9,2,4,0,3,0
8,2,19,1,3,1
11,2,0,0,2,0
10,1,2,1,2,0
16,1,20,1,3,1
12,1,30,2,3,1
10,2,0,1,3,0
11,1,2,0,3,0
3,2,35,2,3,1
10,1,28,1,3,1
7,2,3,0,3,0
12,2,0,1,2,0
11,2,34,2,3,1
12,1,27,1,2,1
15,2,21,2,3,1
11,1,1,0,3,0
15,2,4,0,3,0
8,1,4,0,3,0
12,2,24,1,3,1
16,2,0,1,2,0
12,1,23,2,3,1
15,1,20,2,2,1
13,1,22,1,3,1
12,1,2,1,2,0
5,1,4,1,3,0
16,1,4,0,2,0
13,2,1,1,3,0
11,2,35,2,3,1
7,1,23,2,3,1
7,2,21,2,2,1
14,2,4,0,3,0
7,2,27,1,2,1
15,2,5,0,2,0
8,2,21,1,3,1
16,2,4,0,3,0
6,1,16,1,2,1
9,2,1,0,3,0
11,2,30,1,2,1
13,2,5,0,2,0
15,1,5,0,2,0
5,1,16,1,3,1
15,1,24,1,3,1
3,1,25,1,3,1
10,1,29,1,3,1
6,2,3,0,2,0
14,1,24,2,2,1
13,1,35,1,2,1
16,2,5,0,3,0
5,2,1,0,2,0
7,1,2,0,3,0
7,2,22,1,2,1
13,2,3,0,2,0
14,2,1,0,2,0
5,1,4,0,3,0
9,1,34,1,3,1
11,2,4,0,3,0
3,1,4,1,2,0
4,2,4,1,2,0
15,2,3,1,2,0
12,2,24,2,2,1
3,2,21,2,3,1
4,2,0,0,2,0
4,1,1,0,3,0
15,2,27,1,3,1
16,2,5,0,3,0
13,1,4,1,3,0
11,1,15,1,2,1
10,2,22,1,3,1
8,2,5,0,2,0
3,1,0,0,3,0
12,2,16,1,2,1
14,2,4,0,2,0
15,1,2,0,2,0
16,2,1,0,3,0
9,2,4,0,3,0
13,2,2,1,3,0
15,2,2,1,3,0
5,1,24,2,3,1
5,1,3,0,3,0
9,2,5,0,2,0
10,1,1,0,3,0
7,1,21,2,3,1
14,2,2,0,2,0
3,1,18,2,2,1
15,1,21,1,3,1
6,2,4,0,3,0
7,2,3,1,3,0
4,2,26,1,3,1
9,1,15,1,2,1
11,2,2,0,3,0
9,2,5,0,2,0
7,2,5,0,3,0
5,2,4,0,2,0
11,1,16,1,2,1
9,1,1,0,2,0
6,2,5,1,3,0
13,1,4,1,3,0
3,2,2,0,2,0
11,1,0,0,3,0
6,2,23,1,2,1
4,2,1,0,3,0
7,1,3,1,2,0
11,1,20,1,3,1
10,2,0,0,3,0
6,2,0,0,2,0
11,1,25,1,2,1
6,2,24,1,2,1
12,2,32,1,2,1
9,1,2,0,2,0
4,1,25,2,3,1
15,2,2,1,3,0
10,2,3,1,2,0
5,1,24,1,3,1
14,1,3,0,2,0
14,2,0,0,3,0
7,2,18,1,3,1
4,2,4,1,2,0
4,1,0,0,2,0
16,1,3,0,3,0
14,1,20,1,2,1
7,2,0,0,3,0
9,2,0,0,3,0
7,2,21,1,2,1
4,2,3,0,2,0
16,2,3,0,3,0
7,1,1,1,3,0
8,2,22,1,3,1
9,2,4,0,3,0
12,1,29,2,2,1
6,2,17,1,3,1
13,1,22,1,3,1
13,2,17,1,2,1
12,2,5,1,3,0
11,2,32,2,2,1
13,1,26,1,2,1
13,2,25,1,2,1
4,1,4,0,2,0
10,2,5,0,3,0
8,2,3,0,2,0
4,2,3,0,2,0
11,2,3,1,3,0
8,2,5,0,2,0
3,1,20,2,3,1
6,1,3,1,2,0
6,1,5,1,3,0
9,1,3,1,2,0
3,1,5,0,2,0
12,1,1,1,2,0
4,2,5,0,3,0
12,2,26,1,3,1
16,1,24,2,3,1
12,1,1,0,2,0
4,2,31,1,2,1
9,2,3,0,2,0
11,2,1,0,2,0
16,1,15,1,3,1
5,2,31,2,2,1
10,2,3,1,3,0
5,1,22,1,2,1
3,1,1,1,3,0
12,1,2,0,3,0
11,2,3,0,2,0
14,2,16,1,2,1
7,1,0,0,3,0
6,2,1,0,3,0
16,1,4,0,2,0
12,2,24,1,2,1
12,1,3,0,3,0
7,1,5,0,2,0
16,2,4,0,2,0
13,2,5,0,3,0
9,2,3,0,3,0
12,1,29,2,2,1
13,1,27,1,3,1
9,2,2,0,2,0
11,2,16,1,2,1
4,1,1,1,3,0
10,2,5,0,2,0
13,1,23,1,3,1
13,2,5,0,3,0
3,2,22,1,3,1
13,1,3,0,2,0
5,2,5,0,2,0
16,2,30,1,2,1
6,1,18,1,3,1
8,2,1,0,3,0
4,1,5,0,2,0
13,2,29,1,2,1
4,1,33,2,2,1
9,2,1,0,3,0
7,1,4,0,2,0
15,2,4,0,2,0
14,2,22,1,3,1
9,1,4,0,2,0
11,2,19,1,2,1
16,2,1,1,3,0
15,1,15,1,2,1
6,1,27,2,2,1
7,2,17,2,3,1
11,2,0,0,2,0
15,2,5,0,2,0
7,1,0,1,3,0
4,1,5,0,3,0
4,1,20,1,2,1
8,1,5,0,3,0
14,1,3,0,2,0
11,2,33,2,2,1
4,2,0,1,3,0
16,2,0,0,2,0
6,1,15,1,2,1
3,2,1,0,3,0
16,2,1,1,2,0
14,2,33,1,3,1
4,1,4,0,2,0
9,2,24,1,2,1
4,1,2,0,3,0
14,2,3,0,2,0
14,1,3,0,2,0
6,1,15,2,3,1
9,1,1,1,3,0
10,1,17,1,2,1
6,2,5,0,3,0
12,1,27,1,2,1
12,2,19,1,2,1
7,2,27,2,3,1
16,2,1,0,3,0
6,1,1,1,2,0
10,2,2,0,3,0
10,2,0,0,3,0
5,1,2,0,3,0
4,2,0,0,2,0
7,1,29,2,2,1
14,1,1,0,2,0
3,1,3,0,2,0
13,2,17,1,2,1
4,2,17,1,2,1
4,2,4,1,2,0
16,2,5,1,3,0
5,1,23,1,3,1
10,1,34,1,2,1
13,2,4,1,3,0
3,2,3,0,2,0
13,1,26,1,2,1
11,2,31,1,3,1
9,1,4,0,3,0
3,1,30,2,3,1
8,1,5,0,2,0
7,1,3,0,2,0
16,1,2,0,2,0
12,2,33,1,2,1
12,2,1,1,2,0
3,1,1,0,2,0
11,1,4,0,3,0
15,2,25,1,2,1
3,1,31,1,2,1
4,2,25,1,3,1
8,1,28,2,2,1
10,1,32,2,3,1
12,1,20,1,3,1
7,1,0,1,3,0
16,1,34,1,2,1
13,2,5,0,2,0
6,2,0,0,3,0
10,2,5,0,2,0
8,1,16,1,3,1
10,1,30,1,3,1
8,1,33,2,3,1
15,1,0,0,2,0
3,2,17,1,3,1
5,1,32,1,3,1
8,1,5,0,3,0
12,1,2,0,3,0
6,2,24,1,3,1
4,2,3,0,2,0
3,1,2,1,3,0
6,1,5,0,2,0
4,1,3,1,3,0
10,1,27,1,3,1
8,2,0,0,3,0
10,2,2,0,3,0
5,1,32,1,2,1
15,1,31,1,2,1
11,1,0,1,3,0
16,1,3,0,2,0
5,1,3,0,2,0
13,1,35,1,3,1
16,2,17,1,3,1
9,2,31,1,3,1
16,2,1,0,2,0
12,1,0,0,2,0
16,2,5,1,3,0
12,1,3,0,3,0
12,1,2,0,3,0
3,2,15,1,3,1
16,2,3,0,3,0
16,1,5,1,2,0
15,2,34,2,3,1
4,2,3,1,2,0
15,1,1,0,3,0
7,1,31,2,3,1
3,1,21,1,2,1
6,2,2,0,2,0
7,2,5,0,3,0
13,1,4,1,2,0
5,2,2,0,3,0
7,2,4,0,2,0
16,1,23,2,2,1
9,1,1,0,2,0
12,1,2,0,2,0
9,2,1,1,3,0
7,1,5,0,3,0
11,2,30,1,3,1
8,2,23,2,3,1
14,1,1,0,3,0
15,2,15,2,3,1
10,2,27,1,3,1
14,1,5,0,2,0
13,2,1,0,3,0
7,2,2,0,2,0
13,1,1,0,3,0
9,2,2,1,3,0
16,2,5,0,2,0
10,1,27,2,2,1
7,1,19,1,3,1
6,2,29,1,3,1
8,1,5,0,2,0
8,1,1,0,2,0
12,2,17,1,2,1
12,2,3,1,3,0
3,1,15,1,2,1
15,1,35,2,2,1
6,2,0,1,2,0
11,1,0,0,3,0
7,2,5,0,3,0
8,2,20,1,3,1
3,1,19,1,2,1
14,1,5,0,2,0
9,1,16,2,3,1
4,1,28,1,2,1
9,2,1,0,2,0
14,2,0,0,2,0
12,2,18,2,2,1
14,2,0,1,2,0
6,2,21,1,2,1
14,2,4,1,3,0
6,2,0,0,3,0
4,1,31,1,3,1
14,2,29,1,2,1
7,1,1,0,3,0
16,2,25,1,3,1
14,1,16,1,2,1
16,1,3,0,2,0
14,2,20,1,2,1
9,2,3,1,3,0
15,1,5,0,3,0
16,1,4,1,2,0
15,1,26,2,3,1
3,2,18,1,2,1
10,1,2,0,2,0
14,2,5,0,2,0
9,2,5,1,2,0
5,1,20,2,2,1
16,2,17,1,3,1
8,2,16,2,2,1
6,2,17,1,3,1
10,1,29,1,3,1
4,1,3,0,3,0
11,1,34,2,2,1
7,2,26,1,2,1
16,2,4,1,2,0
14,2,5,0,3,0
3,2,24,2,3,1
11,1,1,1,3,0
5,1,1,0,3,0
4,1,1,0,3,0
4,1,33,1,3,1
15,2,31,1,3,1
10,1,3,1,2,0
11,1,19,1,2,1
9,2,4,0,3,0
7,2,29,1,3,1
5,2,32,1,3,1
14,1,5,0,2,0
13,1,35,1,3,1
11,1,32,1,3,1
12,2,28,1,3,1
11,1,0,0,2,0
6,1,23,1,3,1
16,2,4,0,2,0
8,1,32,1,3,1
14,1,5,0,3,0
14,2,5,0,2,0
11,1,21,2,2,1
16,1,35,1,3,1
15,1,1,0,2,0
5,1,3,0,2,0
11,1,2,0,3,0
8,1,2,0,3,0
15,2,32,1,3,1
4,1,31,1,3,1
15,2,3,0,2,0
8,1,25,1,2,1
7,2,35,1,2,1
4,2,5,0,3,0
3,2,18,1,3,1
7,1,26,2,3,1
15,2,5,0,3,0
8,1,4,0,2,0
13,1,21,2,2,1
9,1,5,1,2,0
13,1,5,0,2,0
3,1,2,0,2,0
12,2,3,1,2,0
9,1,0,0,3,0
13,1,17,1,2,1
11,2,24,2,2,1
4,2,5,0,3,0
10,1,3,0,2,0
13,2,35,1,2,1
3,1,4,1,2,0
11,2,5,0,2,0
6,1,1,0,3,0
6,1,33,1,2,1
16,1,0,0,3,0
4,2,26,1,2,1
13,1,0,0,2,0
8,2,5,0,3,0
14,2,28,1,2,1
3,1,35,1,3,1
7,1,25,1,3,1
10,2,30,2,3,1
4,1,19,2,2,1
6,1,15,2,3,1
13,2,21,1,2,1
11,2,19,1,3,1
9,2,4,0,2,0
9,1,34,2,3,1
5,2,4,0,2,0
14,2,3,0,3,0
4,2,5,0,3,0
11,2,3,0,3,0
3,1,31,2,3,1
16,2,4,0,3,0
9,2,17,2,3,1
7,1,2,0,3,0
10,1,1,1,3,0
5,1,2,0,2,0
5,1,5,0,2,0
13,2,18,1,2,1
13,2,1,1,3,0
3,1,4,0,2,0
5,1,2,0,2,0
11,1,24,1,3,1
6,2,20,1,3,1
16,1,20,2,3,1
13,1,25,1,3,1
12,1,1,0,2,0
3,2,34,1,2,1
5,1,32,2,3,1
15,1,1,0,2,0
15,2,0,1,3,0
6,2,5,0,3,0
9,2,1,0,2,0
7,2,5,0,3,0
12,1,1,0,2,0
9,1,5,0,3,0
7,2,27,1,3,1
9,1,4,1,3,0
7,2,27,2,3,1
5,1,5,0,2,0
4,2,32,2,2,1
14,1,5,0,2,0
15,1,4,1,2,0
4,2,0,0,2,0
14,2,31,1,3,1
14,1,29,1,2,1
6,1,4,0,3,0
12,1,5,0,2,0
5,2,26,2,2,1
9,1,5,0,3,0
4,2,2,0,3,0
12,2,33,1,2,1
7,2,4,0,2,0
11,2,31,1,3,1
11,2,33,1,3,1
15,2,29,2,2,1
10,2,0,1,2,0
13,1,28,1,2,1
11,2,0,1,2,0
13,1,1,1,3,0
8,1,23,1,3,1
14,2,22,2,2,1
6,1,1,0,3,0
5,1,30,2,2,1
3,2,2,1,2,0
12,2,4,0,3,0
9,1,3,1,2,0
11,2,5,0,2,0
10,2,0,0,2,0
13,2,25,1,2,1
12,1,1,0,3,0
10,2,3,0,3,0
9,2,23,1,3,1
5,1,23,1,2,1
11,2,5,0,3,0
10,1,1,0,2,0
15,2,4,0,3,0
9,1,2,1,2,0
16,2,23,1,2,1
8,2,0,0,3,0
16,1,24,1,2,1
8,2,27,2,3,1
7,1,35,1,3,1
9,1,2,0,3,0
8,2,34,2,3,1
9,2,26,2,3,1
12,2,0,0,3,0
14,2,17,1,2,1
5,1,3,0,3,0
3,1,4,0,3,0
4,2,5,0,3,0
10,1,1,0,2,0
3,2,29,2,3,1
7,1,32,1,3,1
12,2,5,0,3,0
8,1,29,1,3,1
8,2,0,0,3,0
11,2,4,0,2,0
14,2,3,0,3,0
12,1,1,1,2,0
11,2,5,1,3,0
16,1,3,0,3,0
11,2,32,1,3,1
9,1,2,0,2,0
13,2,4,1,3,0
6,1,4,0,3,0
5,2,5,1,2,0
14,1,0,1,2,0
6,2,3,0,3,0
10,2,1,0,2,0
7,1,1,0,3,0
16,2,18,2,3,1
6,2,0,0,3,0
10,1,5,0,2,0
8,1,32,2,2,1
4,2,21,1,3,1
3,1,3,0,2,0
3,2,27,1,2,1
3,2,19,1,2,1
15,1,0,0,2,0
15,1,1,0,2,0
5,1,4,0,3,0
15,1,3,0,3,0
14,2,30,2,2,1
10,2,1,0,3,0
8,2,34,2,3,1
5,1,2,0,2,0
10,2,15,2,2,1
16,1,0,1,3,0
6,1,25,1,3,1
13,1,5,0,3,0
3,1,21,1,2,1
10,1,5,1,2,0
13,2,1,0,3,0
3,2,17,1,2,1
15,2,3,0,2,0
15,2,5,0,2,0
16,1,31,1,3,1
4,2,4,0,2,0
12,2,35,2,2,1
8,2,20,1,3,1
11,2,32,2,3,1
10,2,2,0,3,0
9,2,33,2,3,1
6,2,3,1,3,0
9,1,34,1,2,1
11,2,1,0,2,0
16,1,23,2,3,1
11,1,2,0,2,0
5,2,22,1,3,1
7,1,4,0,3,0
14,2,20,1,2,1
16,2,4,1,2,0
4,2,3,1,2,0
16,1,34,1,2,1
13,1,0,0,3,0
11,2,1,0,2,0
3,2,33,2,3,1
4,2,3,0,2,0
5,1,5,0,3,0
11,2,4,1,3,0
15,1,1,1,2,0
9,1,2,1,2,0
8,1,28,1,2,1
8,2,5,0,2,0
15,1,34,1,3,1
12,2,1,0,2,0
13,1,17,1,3,1
14,1,19,1,2,1
3,1,3,0,3,0
8,1,4,0,2,0
11,1,15,1,3,1
12,2,2,0,2,0
15,1,0,0,3,0
9,2,15,1,3,1
16,1,31,2,3,1
4,2,32,1,3,1
5,2,5,0,2,0
3,2,3,0,2,0
3,2,2,0,3,0
11,1,27,1,3,1
11,1,3,0,3,0
4,1,4,0,3,0
9,2,1,0,3,0
13,1,24,2,2,1
14,2,19,2,2,1
12,2,4,0,2,0
5,1,25,1,3,1
9,2,35,2,3,1
7,1,1,0,2,0
15,1,22,2,3,1
3,1,30,1,3,1
11,2,3,1,3,0
10,1,0,1,2,0
15,2,22,2,2,1
13,1,3,1,2,0
14,2,28,1,3,1
15,2,27,2,2,1
14,1,0,0,2,0
11,1,4,0,3,0
6,2,2,0,3,0
10,2,0,0,2,0
10,1,18,1,3,1
15,2,3,0,2,0
5,1,17,1,3,1
8,1,5,1,2,0
13,1,3,0,3,0
9,1,25,2,3,1
16,1,20,2,2,1
3,2,3,0,3,0
13,1,21,1,2,1
12,1,3,0,3,0
12,1,5,1,3,0
10,2,4,0,3,0
6,1,1,0,3,0
13,1,0,0,3,0
8,1,1,0,2,0
13,1,33,1,3,1
3,2,3,0,2,0
15,1,1,0,3,0
14,2,4,0,3,0
14,1,5,0,2,0
10,2,25,1,3,1
11,1,30,2,3,1
14,2,34,1,3,1
14,1,0,1,3,0
13,1,28,1,2,1
3,2,5,0,3,0
3,2,0,0,2,0
7,1,2,0,3,0
9,1,2,1,2,0
10,1,5,1,2,0
16,2,28,2,3,1
3,2,0,0,3,0
12,2,1,0,3,0
16,2,35,2,2,1
16,2,0,0,2,0
14,1,0,1,3,0
6,2,24,1,3,1
11,1,0,0,3,0
4,1,31,1,3,1
6,2,31,1,3,1
15,1,18,2,3,1
13,1,29,1,2,1
14,1,0,0,2,0
8,1,5,0,3,0
3,1,1,0,3,0
7,2,23,1,3,1
5,1,4,0,3,0
6,2,5,0,3,0
12,1,4,0,2,0
11,1,3,0,3,0
4,1,3,0,3,0
